[{"model": "iurd.category", "pk": 1, "fields": {"name": "Ayuno de Daniel", "description": "<p>Es un ayuno</p>", "created": "2017-02-26T11:38:19.761Z", "time_stamp": "2017-02-26T11:38:19.761Z", "updated": "2017-02-26T11:38:19.761Z"}}, {"model": "iurd.category", "pk": 2, "fields": {"name": "Mujer", "description": "<p>Este, es un espacio dedicado para ti que deseas cada dia ser una mejor Mujer.</p>", "created": "2017-03-03T03:36:56.913Z", "time_stamp": "2017-03-03T03:36:56.913Z", "updated": "2017-03-03T03:36:56.913Z"}}, {"model": "iurd.category", "pk": 3, "fields": {"name": "Amor", "description": "<p>Espacio del amor</p>", "created": "2017-03-03T03:44:42.877Z", "time_stamp": "2017-03-03T03:44:42.877Z", "updated": "2017-03-03T03:44:42.877Z"}}, {"model": "iurd.category", "pk": 4, "fields": {"name": "Hombres", "description": "<p>Este, es un espacio dedicado para usted que desea ser un mejor Hombre.</p>", "created": "2017-03-03T03:51:34.237Z", "time_stamp": "2017-03-03T03:51:34.237Z", "updated": "2017-03-03T03:51:34.237Z"}}, {"model": "iurd.category", "pk": 5, "fields": {"name": "Familia", "description": "<p>&nbsp; &nbsp;&nbsp;</p>", "created": "2017-03-03T17:47:16.453Z", "time_stamp": "2017-03-03T17:47:16.453Z", "updated": "2017-03-03T17:47:16.453Z"}}, {"model": "iurd.category", "pk": 6, "fields": {"name": "Economia", "description": "<p>&nbsp; &nbsp;&nbsp;</p>", "created": "2017-03-03T17:47:36.269Z", "time_stamp": "2017-03-03T17:47:36.269Z", "updated": "2017-03-03T17:47:36.269Z"}}, {"model": "iurd.category", "pk": 7, "fields": {"name": "Hogar", "description": "<p>&nbsp; &nbsp; &nbsp; &nbsp;</p>", "created": "2017-03-03T17:47:48.211Z", "time_stamp": "2017-03-03T17:47:48.211Z", "updated": "2017-03-03T17:47:48.211Z"}}, {"model": "iurd.category", "pk": 8, "fields": {"name": "Salud", "description": "<p>&nbsp; &nbsp; &nbsp;</p>", "created": "2017-03-03T17:48:04.263Z", "time_stamp": "2017-03-03T17:48:04.263Z", "updated": "2017-03-03T17:48:04.263Z"}}, {"model": "iurd.category", "pk": 9, "fields": {"name": "Fe", "description": "<p>&nbsp; &nbsp; &nbsp;</p>", "created": "2017-03-03T17:48:14.565Z", "time_stamp": "2017-03-03T17:48:14.565Z", "updated": "2017-03-03T17:48:14.565Z"}}, {"model": "iurd.category", "pk": 10, "fields": {"name": "Matrimonio", "description": "<p>&nbsp; &nbsp; &nbsp; &nbsp;</p>", "created": "2017-03-03T17:48:31.778Z", "time_stamp": "2017-03-03T17:48:31.778Z", "updated": "2017-03-03T17:48:31.778Z"}}, {"model": "iurd.category", "pk": 11, "fields": {"name": "Solteros", "description": "<p>&nbsp; &nbsp; &nbsp;&nbsp;</p>", "created": "2017-03-03T17:48:44.422Z", "time_stamp": "2017-03-03T17:48:44.422Z", "updated": "2017-03-03T17:48:44.422Z"}}, {"model": "iurd.category", "pk": 12, "fields": {"name": "Obra de Dios", "description": "<p>&nbsp; &nbsp; &nbsp;</p>", "created": "2017-03-03T17:48:56.597Z", "time_stamp": "2017-03-03T17:48:56.597Z", "updated": "2017-03-03T17:48:56.597Z"}}, {"model": "iurd.category", "pk": 13, "fields": {"name": "Padres e Hijos", "description": "<p>&nbsp; &nbsp; &nbsp;</p>", "created": "2017-03-03T17:50:31.123Z", "time_stamp": "2017-03-03T17:50:31.123Z", "updated": "2017-03-03T17:50:31.123Z"}}, {"model": "iurd.category", "pk": 14, "fields": {"name": "Desafios Intellimen", "description": "<p>&nbsp; &nbsp; &nbsp;</p>", "created": "2017-03-03T17:51:00.992Z", "time_stamp": "2017-03-03T17:51:00.992Z", "updated": "2017-03-03T17:51:00.992Z"}}, {"model": "iurd.category", "pk": 15, "fields": {"name": "Godllywood Autoayuda", "description": "<p>&nbsp; &nbsp;</p>", "created": "2017-03-03T17:51:26.141Z", "time_stamp": "2017-03-03T17:51:26.142Z", "updated": "2017-03-03T17:51:26.142Z"}}, {"model": "iurd.category", "pk": 16, "fields": {"name": "Juventud", "description": "<p>&nbsp; &nbsp; &nbsp;</p>", "created": "2017-03-03T17:51:40.254Z", "time_stamp": "2017-03-03T17:51:40.254Z", "updated": "2017-03-03T17:51:40.254Z"}}, {"model": "iurd.category", "pk": 17, "fields": {"name": "Espiritu Santo", "description": "<p>&nbsp; &nbsp;&nbsp;</p>", "created": "2017-03-03T19:25:55.415Z", "time_stamp": "2017-03-03T19:25:55.415Z", "updated": "2017-03-03T19:25:55.415Z"}}, {"model": "iurd.church", "pk": 1, "fields": {"name": "Sede principal", "mail": "info@universal.com.pa", "telephone_number": "", "image": "", "height_field": 0, "width_field": 0, "description": "<p>Parque Lefevre, cruce de la via Espa&ntilde;a con via Cincuentenario, diagonal al Mc Donald&acute;s de rio abajo.</p>", "created": "2017-03-03T19:06:22.024Z", "time_stamp": "2017-03-03T03:21:25.580Z", "updated": "2017-03-03T19:06:22.024Z"}}, {"model": "iurd.church", "pk": 2, "fields": {"name": "San Miguelito", "mail": "info@universal.com.pa", "telephone_number": "", "image": "", "height_field": 0, "width_field": 0, "description": "<p>Centro comercial la gran estacion, al lado de zona libre</p>", "created": "2017-03-03T18:58:46.721Z", "time_stamp": "2017-03-03T18:58:46.721Z", "updated": "2017-03-03T18:58:46.721Z"}}, {"model": "iurd.church", "pk": 3, "fields": {"name": "Veranillo", "mail": "info@universal.com.pa", "telephone_number": "", "image": "", "height_field": 0, "width_field": 0, "description": "<p>Al lado de la casa comunal Belisario Porras, antiguo pio pio</p>", "created": "2017-03-03T19:04:10.919Z", "time_stamp": "2017-03-03T19:04:10.919Z", "updated": "2017-03-03T19:04:10.919Z"}}, {"model": "iurd.church", "pk": 4, "fields": {"name": "Santa Librada", "mail": "info@universal.com.pa", "telephone_number": "", "image": "", "height_field": 0, "width_field": 0, "description": "<p>Frente al Mr. Precios en la segunda planta de Santa Librada.</p>", "created": "2017-03-03T19:05:00.895Z", "time_stamp": "2017-03-03T19:05:00.895Z", "updated": "2017-03-03T19:05:00.895Z"}}, {"model": "iurd.church", "pk": 5, "fields": {"name": "24 de Diciembre", "mail": "info@universal.com.pa", "telephone_number": "", "image": "", "height_field": 0, "width_field": 0, "description": "<p>Calle primera de la 24, frente al jardin la macaraque&ntilde;a.</p>", "created": "2017-03-03T19:07:24.553Z", "time_stamp": "2017-03-03T19:07:24.553Z", "updated": "2017-03-03T19:07:24.553Z"}}, {"model": "iurd.church", "pk": 6, "fields": {"name": "Ma\u00f1anitas", "mail": "info@universal.com.pa", "telephone_number": "", "image": "", "height_field": 0, "width_field": 0, "description": "<p>cruce de las ma&ntilde;anitas, frente al S/M Surtimax, local 15</p>", "created": "2017-03-03T19:09:14.922Z", "time_stamp": "2017-03-03T19:09:14.922Z", "updated": "2017-03-03T19:09:14.922Z"}}, {"model": "iurd.church", "pk": 7, "fields": {"name": "Pedregal", "mail": "info@universal.com.pa", "telephone_number": "", "image": "", "height_field": 0, "width_field": 0, "description": "<p>Via principal, frente a la junta comunal</p>", "created": "2017-03-03T19:10:09.091Z", "time_stamp": "2017-03-03T19:10:09.091Z", "updated": "2017-03-03T19:10:09.091Z"}}, {"model": "iurd.church", "pk": 8, "fields": {"name": "Calidonia", "mail": "info@universal.com.pa", "telephone_number": "", "image": "", "height_field": 0, "width_field": 0, "description": "<p>Antiguo teatro roxy, cerca de la estacion del metro de la 5 de Mayo, diagonal al museo afrontillano</p>", "created": "2017-03-03T19:11:11.375Z", "time_stamp": "2017-03-03T19:11:11.375Z", "updated": "2017-03-03T19:11:11.375Z"}}, {"model": "iurd.church", "pk": 9, "fields": {"name": "Arraijan cabecera", "mail": "info@universal.com.pa", "telephone_number": "", "image": "", "height_field": 0, "width_field": 0, "description": "<p>Al lado del pio pio. arriba de la piquera de taxis #2 piso</p>", "created": "2017-03-03T19:12:36.261Z", "time_stamp": "2017-03-03T19:12:36.261Z", "updated": "2017-03-03T19:12:36.261Z"}}, {"model": "iurd.church", "pk": 10, "fields": {"name": "Vacamonte", "mail": "info@universal.com.pa", "telephone_number": "", "image": "", "height_field": 0, "width_field": 0, "description": "<p>Centro comercial el Tajonaso del Tecal, antigua clinica, local #5</p>", "created": "2017-03-03T19:13:36.283Z", "time_stamp": "2017-03-03T19:13:36.283Z", "updated": "2017-03-03T19:13:36.283Z"}}, {"model": "iurd.church", "pk": 11, "fields": {"name": "La chorrera", "mail": "info@universal.com.pa", "telephone_number": "", "image": "", "height_field": 0, "width_field": 0, "description": "<p>Av. de las Americas, diagonal a la panaderia Lupita, en el segundo piso de la muebleria la chorrera, cerca de Rodelag.</p>", "created": "2017-03-03T19:15:29.024Z", "time_stamp": "2017-03-03T19:15:29.024Z", "updated": "2017-03-03T19:15:29.024Z"}}, {"model": "iurd.church", "pk": 12, "fields": {"name": "Capira", "mail": "info@universal.com.pa", "telephone_number": "", "image": "", "height_field": 0, "width_field": 0, "description": "<p>Via interamericana, edificio fernando, 2do piso, arriba del almacen HyH, al lado de la piquera de taxis.</p>", "created": "2017-03-03T19:16:37.841Z", "time_stamp": "2017-03-03T19:16:37.841Z", "updated": "2017-03-03T19:16:37.841Z"}}, {"model": "iurd.church", "pk": 13, "fields": {"name": "Colon", "mail": "info@universal.com.pa", "telephone_number": "", "image": "", "height_field": 0, "width_field": 0, "description": "<p>Calle 9, Av. Bolivar</p>", "created": "2017-03-03T19:17:07.907Z", "time_stamp": "2017-03-03T19:17:07.907Z", "updated": "2017-03-03T19:17:07.907Z"}}, {"model": "iurd.church", "pk": 14, "fields": {"name": "Sabanitas", "mail": "info@universal.com.pa", "telephone_number": "", "image": "", "height_field": 0, "width_field": 0, "description": "<p>Costa de Oro. 3 locales despues del banco Nacional</p>", "created": "2017-03-03T19:17:50.209Z", "time_stamp": "2017-03-03T19:17:50.209Z", "updated": "2017-03-03T19:17:50.209Z"}}, {"model": "iurd.church", "pk": 15, "fields": {"name": "Penonome", "mail": "info@universal.com.pa", "telephone_number": "", "image": "", "height_field": 0, "width_field": 0, "description": "<p>Via Interamericana, arriba de Utrapep</p>", "created": "2017-03-03T19:18:43.936Z", "time_stamp": "2017-03-03T19:18:43.936Z", "updated": "2017-03-03T19:18:43.936Z"}}, {"model": "iurd.church", "pk": 16, "fields": {"name": "Aguadulce", "mail": "info@universal.com.pa", "telephone_number": "", "image": "", "height_field": 0, "width_field": 0, "description": "<p>Calle Espiritu Santos Tapia, en los locales del grupo Lee.</p>", "created": "2017-03-03T19:19:42.747Z", "time_stamp": "2017-03-03T19:19:42.747Z", "updated": "2017-03-03T19:19:42.747Z"}}, {"model": "iurd.church", "pk": 17, "fields": {"name": "Veraguas", "mail": "info@universal.com.pa", "telephone_number": "", "image": "", "height_field": 0, "width_field": 0, "description": "<p>Av. Interamericana, arriba del restaurante el gran Machu Picchu, frente al Piramidal.</p>", "created": "2017-03-03T19:20:54.029Z", "time_stamp": "2017-03-03T19:20:54.029Z", "updated": "2017-03-03T19:20:54.029Z"}}, {"model": "iurd.church", "pk": 18, "fields": {"name": "Chitre", "mail": "info@universal.com.pa", "telephone_number": "", "image": "", "height_field": 0, "width_field": 0, "description": "<p>Av. Antonio Burgos, a una cuadra del parque La bandera, al lado de la lavanderia Americana, centro de Chitre.</p>", "created": "2017-03-03T19:21:59.920Z", "time_stamp": "2017-03-03T19:21:59.920Z", "updated": "2017-03-03T19:21:59.920Z"}}, {"model": "iurd.church", "pk": 19, "fields": {"name": "Chiriqui - David", "mail": "info@universal.com.pa", "telephone_number": "", "image": "", "height_field": 0, "width_field": 0, "description": "<p>Calle central, entre la 4ta y la 5ta avenida, frente a la lavanderia Mabel, al lado de la zapateria Rex y la parada de buses.</p>", "created": "2017-03-03T19:23:41.505Z", "time_stamp": "2017-03-03T19:23:41.505Z", "updated": "2017-03-03T19:23:41.505Z"}}, {"model": "iurd.church", "pk": 20, "fields": {"name": "Bugaba", "mail": "info@universal.com.pa", "telephone_number": "", "image": "", "height_field": 0, "width_field": 0, "description": "<p>Calle central, diagonal a la antigua muebleria Arvi, al lado de seguros Chavelo.</p>", "created": "2017-03-03T19:24:33.886Z", "time_stamp": "2017-03-03T19:24:33.886Z", "updated": "2017-03-03T19:24:33.887Z"}}, {"model": "iurd.event", "pk": 1, "fields": {"name": "hombres inteligentes", "title": "Intellimen", "description": "<p>Hombres Inteligentes se Preparen&nbsp;</p>", "mail": "iguniversalpanama@gmail.com", "start": "2017-03-10T14:00:00Z", "end": "2017-03-10T14:00:00Z", "created": "2017-03-08T19:00:36.581Z", "time_stamp": "2017-03-08T18:59:19.733Z", "updated": "2017-03-08T19:00:36.581Z", "church": 1, "location": "<p>Cruce de la V&iacute;a Espa&ntilde;a y V&iacute;a Cincuentenario, diagonal al McDonald&#39;s de R&iacute;o Abajo.</p>", "category": 4, "image": "Event/2/homens_inteligentes_10marzo.jpg", "height_field": 526, "width_field": 526}}, {"model": "iurd.feed", "pk": 1, "fields": {"name": "Obispo Edir Macedo", "title": "Blog Obispo Edir Macedo", "description": "<p>Obispo Edir Macedo</p>", "image": "Feed/1/main-banner32.jpg", "height_field": 660, "width_field": 1920, "url_feed": "http://blogs.universal.org/bispomacedo/es/", "created": "2017-02-26T11:46:33.077Z", "time_stamp": "2017-02-26T11:46:33.077Z", "updated": "2017-02-26T11:46:33.077Z"}}, {"model": "iurd.feed", "pk": 2, "fields": {"name": "Renato Cardoso", "title": "Renato Cardoso", "description": "<p>Obispo Renato Cardoso</p>", "image": "Feed/7/bp_renato.png", "height_field": 93, "width_field": 251, "url_feed": "http://blogs.universal.org/renatocardoso/es/", "created": "2017-03-10T02:31:30.649Z", "time_stamp": "2017-02-26T11:48:59.106Z", "updated": "2017-03-10T02:31:30.649Z"}}, {"model": "iurd.feed", "pk": 3, "fields": {"name": "Cristiane Cardoso", "title": "Cristiane Cardoso", "description": "<p>Cristiane Cardoso</p>", "image": "Feed/3/CC.png", "height_field": 110, "width_field": 140, "url_feed": "http://blogs.universal.org/cristianecardoso/es/", "created": "2017-02-26T11:50:19.397Z", "time_stamp": "2017-02-26T11:50:19.397Z", "updated": "2017-02-26T11:50:19.397Z"}}, {"model": "iurd.feed", "pk": 4, "fields": {"name": "Sra. Viviane Freitas", "title": "Sra. Viviane Freitas", "description": "<p>Sra. Viviane Freitas</p>", "image": "Feed/4/IMG_8245-320x220.jpg", "height_field": 220, "width_field": 320, "url_feed": "http://vivianefreitas.com/es/", "created": "2017-02-26T12:38:34.272Z", "time_stamp": "2017-02-26T12:38:34.272Z", "updated": "2017-02-26T12:38:34.272Z"}}, {"model": "iurd.feed", "pk": 5, "fields": {"name": "Sra. Ester Bezerra", "title": "Sra. Ester Bezerra", "description": "<p>Sra. Ester Bezerra</p>", "image": "Feed/5/banner-es-1.jpg", "height_field": 660, "width_field": 1920, "url_feed": "http://blogs.universal.org/fonteajorrar/es/", "created": "2017-02-26T12:39:47.525Z", "time_stamp": "2017-02-26T12:39:47.525Z", "updated": "2017-02-26T12:39:47.525Z"}}, {"model": "iurd.feed", "pk": 6, "fields": {"name": "Sra. Tania Rubim", "title": "Sra. Tania Rubim", "description": "<p>Sra. Tania Rubim</p>", "image": "Feed/7/descarga_3.jpg", "height_field": 183, "width_field": 275, "url_feed": "http://taniarubim.com/", "created": "2017-03-03T05:35:04.003Z", "time_stamp": "2017-02-26T12:41:09.109Z", "updated": "2017-03-03T05:35:04.003Z"}}, {"model": "iurd.project", "pk": 1, "fields": {"name": "Godllywood", "title": "Godllywood Panam\u00e1", "slug": "Godllywood-panama", "url": "http://www.godllywood.com/latinoamerica/", "description": "<p><img src=\"http://www.godllywood.com/site/img/quees2.gif\" /></p>\r\n\r\n<p>Godllywood naci&oacute; de la indignaci&oacute;n sobre los valores errados que nuestra sociedad ha adquirido a trav&eacute;s de Hollywood. Hoy en d&iacute;a, todo lo que siempre fue malo es considerado bueno de acuerdo a los medios. Cristiane Cardoso, escritora de los libros &lsquo;Mejor que Comprar Zapatos&rsquo; y &lsquo;La Mujer V&rsquo;, fund&oacute; Godllywood en un intento de despertar a muchos a lo que es realmente bueno y saludable,</p>\r\n\r\n<p>&nbsp;</p>\r\n\r\n<p>Para que usted tenga idea, a todo lo que Hollywood se opone, el&nbsp;Godllywood est&aacute; a favor. Hollywood se opone al casamiento, el Godllywood est&aacute; a favor&hellip;</p>\r\n\r\n<p>&nbsp;</p>\r\n\r\n<p>Fue a trav&eacute;s de esa idea que surgi&oacute; una mayor. Se crearon grupos de autoayuda para reflotar esos valores olvidados en la sociedad femenina.</p>\r\n\r\n<p>&nbsp;</p>\r\n\r\n<p>Son tres fases principales en la vida de una mujer: Infancia, Adolescencia y Madurez. El prop&oacute;sito de estos es justamente el de hacer que la formaci&oacute;n de su car&aacute;cter, comportamiento en la sociedad y en el plano familiar sean moldeados de acuerdo con la Palabra de Dios, de donde vienen todos los valores ideales para una vida feliz.</p>", "created": "2017-03-03T04:38:53.555Z", "time_stamp": "2017-03-03T04:38:53.555Z", "updated": "2017-03-03T04:38:53.555Z", "image": "Project/1/unnamed.png", "height_field": 300, "width_field": 300, "background_image": "Project/1/14754600_sz1.jpg", "background_height_field": 1000, "background_width_field": 1000, "project_type": "Groups", "category": 2, "parentId": null}}, {"model": "iurd.project", "pk": 2, "fields": {"name": "Intellimen", "title": "Intellimen Panam\u00e1", "slug": "Intellimen-panama", "url": "http://blogs.universal.org/renatocardoso/es/intellimen/", "description": "<p>&iquest;Qu&eacute; puede hacer un hombre para ser m&aacute;s fuerte?&raquo; Es la pregunta que se hizo Renato Cardoso antes de establecer el proyecto&nbsp;<em>Intellimen</em>.</p>\r\n\r\n<p>Al&nbsp;hombre, por naturaleza, le gustan los retos y desaf&iacute;os. Esta caracter&iacute;stica fue aprovechada en esta iniciativa para ayudarles a mejorar en su matrimonio, trabajo, salud y en todas las &aacute;reas de su vida.</p>\r\n\r\n<p>En el mundo&nbsp;se tiene la idea del macho, pero a final de cuentas, &iquest;qu&eacute; es un hombre de verdad? La labor del&nbsp;<a href=\"http://universal.org.mx/intellimen/\">Intellimen</a>&nbsp;consiste en eso, que el hombre encuentre sus propias respuestas sin la presi&oacute;n de la influencia social.</p>\r\n\r\n<p>Mensualmente se han llevado a cabo pl&aacute;ticas especiales para los hombres, ense&ntilde;&aacute;ndoles cu&aacute;l es el verdadero sentido de la disciplina y c&oacute;mo ha hecho falta en el g&eacute;nero masculino (raz&oacute;n por la cual no tienen una vida exitosa). Por medio de desaf&iacute;os din&aacute;micos y divertidos, los hombres tienen la posibilidad de ayudarse mutuamente y mostrar resultados en su car&aacute;cter y manera de ver el mundo.</p>\r\n\r\n<p>&nbsp;</p>", "created": "2017-03-03T06:08:48.731Z", "time_stamp": "2017-03-03T04:46:11.431Z", "updated": "2017-03-03T06:08:48.731Z", "image": "Project/3/imgres.png", "height_field": 225, "width_field": 225, "background_image": "Project/2/foto-intellimen-640x237.png", "background_height_field": 237, "background_width_field": 640, "project_type": "Groups", "category": 4, "parentId": null}}, {"model": "iurd.project", "pk": 3, "fields": {"name": "Fuerza Joven Panama", "title": "Fuerza Joven Panama", "slug": "Fuerzajoven-panama", "url": "http://fjuargentina.com", "description": "<p>Quiz&aacute;s escuchaste nombrar la FJU o Fuerza Joven Universal, pero te preguntaras que hacemos y que podes encontrar aqu&iacute;&hellip; Paso a contarte, nuestro grupo esta compuesto por j&oacute;venes y adolescentes mayores de 16 a&ntilde;os. Es m&aacute;s, te dir&iacute;a que m&aacute;s que grupo, ac&aacute; puedes encontrar tu lugar, tu Familia. Nuestro objetivo principal es rescatar a los j&oacute;venes que se encuentran sumergidos en el mundo de las drogas, la violencia, la delincuencia, la infelicidad, los problemas, la marginaci&oacute;n, la discriminaci&oacute;n, entre otros males m&aacute;s que aquejan a cada joven en nuestro pa&iacute;s.</p>\r\n\r\n<p>&iquest;C&oacute;mo lo hacemos? Por medio de la integraci&oacute;n y a trav&eacute;s de nuestra propia experiencia e historia de superaci&oacute;n, porque ya estuvimos all&iacute; y sabemos como ayudarte.</p>\r\n\r\n<p>En esta familia vas a encontrar diversos proyectos que te ayudar&aacute;n a vencer tus problemas, desarrollar tus talentos, luchar por tus sue&ntilde;os y sobre todo a cambiar de vida. Esos proyectos como deportes, cultura, medios, ciudadan&iacute;a, unifuerza, entre otros, tambi&eacute;n te brindar&aacute;n un lugar donde ser&aacute;s valorado y respetado.</p>\r\n\r\n<p>&iquest;C&oacute;mo funciona? Cuando un joven se acerca lleno de problemas, con su autoestima baja, el cuerpo de liderazgo de la FJU le ense&ntilde;a a usar su fe de forma inteligente para transformar su vida. Es all&iacute; donde comienzan a visualizarse los resultados y poco a poco, miles de j&oacute;venes van logrando cambiar su situaci&oacute;n de adicciones, enfermedades, miseria, depresi&oacute;n&hellip; hac&iacute;a una vida nueva, completamente diferente, feliz y pr&oacute;spera en todos los sentidos</p>\r\n\r\n<p>Este trabajo en Panama es liderado por el Pr Jose&nbsp;, quien cuentan con el apoyo de un liderazgo formado por hombres y mujeres de Dios, que dan su vida por ayudar a cada joven que se encuentra pasando por una situaci&oacute;n cr&iacute;tica de sufrimiento, quienes junto con aquellos que ya hacen parte de la FJU generan una explosi&oacute;n espiritual con un solo objetivo: salvar a otros j&oacute;venes que se encuentran perdidos y sin perspectiva de vida.</p>\r\n\r\n<p>Nuestras actividades culturales, sociales, deportivas y espirituales congregan a miles de j&oacute;venes en diversos eventos como los que podr&aacute;s encontrar en nuestra p&aacute;gina, como el futshow, el Sabe decir No, nuestras vigilias en el Templo de la Fe, solo por mencionarte algunos.</p>\r\n\r\n<p>Ac&aacute; tu&nbsp;tienes tu lugar, puedes desarrollar tus talentos, vencer tus problemas, salir adelante, ser feliz y cambiar de vida.</p>\r\n\r\n<p>Un d&iacute;a alguien crey&oacute; en nosotros, ahora nosotros creemos en ti.</p>", "created": "2017-03-03T16:21:53.959Z", "time_stamp": "2017-03-03T16:21:53.959Z", "updated": "2017-03-03T16:21:53.959Z", "image": "Project/3/artworks-000042897651-mokg3o-t500x500.jpg", "height_field": 500, "width_field": 500, "background_image": "Project/3/photo.jpg", "background_height_field": 900, "background_width_field": 900, "project_type": "Groups", "category": null, "parentId": null}}, {"model": "iurd.project", "pk": 4, "fields": {"name": "EBI Panama", "title": "EBI Panama", "slug": "Ebi-panama", "url": "https://ebiargentina.com.ar/", "description": "<p><strong>&iquest;Qu&eacute; es la E.B.I.?</strong></p>\r\n\r\n<p>&nbsp;</p>\r\n\r\n<p>Pensando en la importancia de llevar a los ni&ntilde;os la Palabra de Dios, y as&iacute;, formar hombres y mujeres llenos del Esp&iacute;ritu Santo, la Iglesia Universal del Reino de Dios instituy&oacute; la Escuelita B&iacute;blica Infantil (E.B.I.); un ministerio formado especialmente para evangelizar de forma atractiva y comprensiva, a los ni&ntilde;os con el fin de que conozcan el camino de la salvaci&oacute;n en Jesucristo, lo cual, es el punto principal de sus ense&ntilde;anzas.</p>\r\n\r\n<p><strong>OBJETIVOS PRINCIPALES DE LA EBI</strong><br />\r\n&nbsp;</p>\r\n\r\n<p>Fundamentada en el mandamiento que dice: &quot;Instruye al ni&ntilde;o en su camino, y ni aun de viejo se apartar&aacute; de &Egrave;l.&quot;&nbsp; (Proverbios 22.6)&nbsp;<br />\r\n<br />\r\n1. Objetivo principal: Ense&ntilde;ar a los ni&ntilde;os a respetar la Palabra de Dios, aceptando a Jes&uacute;s como su &uacute;nico Se&ntilde;or y Salvador, guiandolos a una vida de comuni&oacute;n con El, para que as&iacute; obtengan la salvaci&oacute;n.&nbsp;<br />\r\n<br />\r\n2. Objetivos espec&iacute;ficos: Ense&ntilde;ar a los ni&ntilde;os a usar la fe; como herederos de las promesas de nuestro Dios, provando as&iacute; de Sus ricas bendiciones. Ense&ntilde;arlos a ser testimonios del Se&ntilde;or Jes&uacute;s, asumiendo un comportamiento diferente de aquellos que no tienen a Dios como su Se&ntilde;or, es formar hombres y mujeres de Dios, futuros l&iacute;deres dirigiendo el crecimiento de la Iglesia de Cristo.&nbsp;</p>", "created": "2017-03-03T16:35:53.809Z", "time_stamp": "2017-03-03T16:26:39.109Z", "updated": "2017-03-03T16:35:53.810Z", "image": "Project/4/img1_somos.jpg", "height_field": 188, "width_field": 200, "background_image": "Project/4/2.jpg", "background_height_field": 900, "background_width_field": 1600, "project_type": "Groups", "category": null, "parentId": null}}, {"model": "iurd.project", "pk": 5, "fields": {"name": "Grupo Caleb Panama", "title": "Grupo Caleb Panama", "slug": "Grupocaleb-panama", "url": "http://www.universal.org.ar/la-mision-del-grupo-caleb", "description": "<p>Durante una evangelizaci&oacute;n de rescate, llevada a cabo por las iglesias de Estados Unidos, los obreros llegaron a una casa ubicada en Texas, y tuvieron la noticia de que una se&ntilde;ora que era miembro de la iglesia hab&iacute;a fallecido. Nadie se hab&iacute;a enterado de la situaci&oacute;n hasta ese momento. Por eso, se tomaron medidas inmediatamente y se form&oacute; el Grupo Caleb en la ciudad de Texas, con el objetivo de darle m&aacute;s atenci&oacute;n y cuidado a las personas mayores que concurren a la Universal.</p>\r\n\r\n<p>Tiempo despu&eacute;s, en Brasil, durante una reuni&oacute;n de la Noche de la Salvaci&oacute;n, el obispo Macedo anunci&oacute; la formaci&oacute;n del grupo Caleb, y explic&oacute; c&oacute;mo ser&iacute;a el cuidado de las personas mayores a partir de aquel momento.</p>\r\n\r\n<p>Nosotros, como hombres y mujeres de Dios, sabemos que esa revelaci&oacute;n del Esp&iacute;ritu Santo al obispo Macedo y al obispo Renato Cardoso se debe a que Dios conoce todas las cosas y vio la necesidad de cuidar con amor, cari&ntilde;o y paciencia a las personas mayores.</p>\r\n\r\n<p>Muchas personas que acompa&ntilde;aron a la Iglesia desde el principio, hoy ya tienen muchos a&ntilde;os y permanecen en la fe. Son fieles y a trav&eacute;s de sus sacrificios, de una manera general, contin&uacute;an en la lucha por su Salvaci&oacute;n y tambi&eacute;n por la de millones de personas en todo el mundo. Por eso, cuando observamos las necesidades de los de la mejor edad, nos damos cuenta de la importancia de cuidarlos.</p>\r\n\r\n<p>En la Biblia existen varios pasajes en los que Dios demuestra c&oacute;mo debemos amar y honrar a los mayores, como: &ldquo;Honra a tu padre y a tu madre, que es el primer mandamiento con promesa; para que te vaya bien, y seas de larga vida sobre la tierra.&rdquo;, (Efesios 6:2-3). Tambi&eacute;n vemos que Dios llam&oacute; a Abraham a los 70 a&ntilde;os y a Caleb a los 85 y ellos honraron el llamado de Dios. El esp&iacute;ritu del grupo es el mismo que expres&oacute; Caleb: &ldquo;Todav&iacute;a estoy tan fuerte como el d&iacute;a que Mois&eacute;s me envi&oacute;; cual era mi fuerza entonces, tal es ahora mi fuerza para la guerra, y para salir y para entrar.&rdquo;, (Josu&eacute; 14:11).Las personas mayores esperan atenci&oacute;n y cuidado de nuestra parte, por ese motivo, ante cualquier duda estamos listos para ayudarlos en lo que fuera necesario.</p>\r\n\r\n<p>- See more at: http://www.universal.org.ar/la-mision-del-grupo-caleb#sthash.zpGIO2kU.dpuf</p>", "created": "2017-03-03T16:35:10.011Z", "time_stamp": "2017-03-03T16:35:10.011Z", "updated": "2017-03-03T16:35:10.011Z", "image": "Project/5/unnamed.jpg", "height_field": 284, "width_field": 505, "background_image": "Project/5/unnamed_JVFyCAX.jpg", "background_height_field": 284, "background_width_field": 505, "project_type": "Groups", "category": null, "parentId": null}}, {"model": "iurd.project", "pk": 6, "fields": {"name": "Evangelistas Panama", "title": "Evangelistas Panama", "slug": "Evangelistas-panama", "url": "http://universal.org.mx/evangelizacion/", "description": "<p>La importancia del Trabajo de Evangelizaci&oacute;n</p>\r\n\r\n<p>&ldquo;El fruto del justo es &aacute;rbol de vida, y el que gana almas es sabio&rdquo;</p>\r\n\r\n<p><em>(Proverbios 11:30)</em></p>\r\n\r\n<p>Evangelizar significa llevar el mensaje del Se&ntilde;or Jes&uacute;s de salvaci&oacute;n&nbsp;a las personas que a&uacute;n no lo conocen. Pero, &iquest;porqu&eacute; es tan importante? &iquest;Porqu&eacute; dice la Biblia que quien gana almas es sabio?</p>\r\n\r\n<p>Cuando leemos los evangelios nos damos cuenta como la principal actividad de nuestro se&ntilde;or Jesucristo era la de evangelizar, no la de curar o dictar ordenes a sus disc&iacute;pulos. Por eso, para nosotros es tan importante la labor de llevar el mensaje de la salvaci&oacute;n&nbsp;a todas las personas (Mateo 28:19,20).</p>\r\n\r\n<p>De hecho Cristo mismo dijo de forma directa que ten&iacute;amos que realizar este trabajo cuando mencion&oacute; las palabras de Mateo 24:14:&nbsp;<em>&ldquo;Y estas buenas noticias del Reino de Dios se predicar&aacute;n en toda la tierra habitada para testimonio a todas las naciones; y entonces vendr&aacute; el fin&rdquo;</em></p>", "created": "2017-03-03T17:08:12.765Z", "time_stamp": "2017-03-03T16:42:46.756Z", "updated": "2017-03-03T17:08:12.765Z", "image": "Project/6/iurd_1.jpg", "height_field": 202, "width_field": 256, "background_image": "Project/6/IURD_LOGO_EVANGELIZA\u00c7\u00c3O_FALANDODE-FE.BLOGSPOT.COM.png", "background_height_field": 259, "background_width_field": 1600, "project_type": "Groups", "category": null, "parentId": null}}, {"model": "iurd.schedule", "pk": 1, "fields": {"name": "7:00 am", "description": "<p>&nbsp; &nbsp; &nbsp;&nbsp;</p>", "start": "07:00:00", "ends": "08:00:00", "created": "2017-03-03T04:54:52.830Z", "time_stamp": "2017-03-03T04:54:52.830Z", "updated": "2017-03-03T04:54:52.830Z"}}, {"model": "iurd.schedule", "pk": 2, "fields": {"name": "10:00 am", "description": "<p>&nbsp; &nbsp; &nbsp;</p>", "start": "10:00:00", "ends": "11:00:00", "created": "2017-03-03T04:55:24.890Z", "time_stamp": "2017-03-03T04:55:24.891Z", "updated": "2017-03-03T04:55:24.891Z"}}, {"model": "iurd.schedule", "pk": 3, "fields": {"name": "3:00pm", "description": "<p>&nbsp; &nbsp;&nbsp;</p>", "start": "03:00:00", "ends": "04:00:00", "created": "2017-03-03T04:56:00.849Z", "time_stamp": "2017-03-03T04:56:00.849Z", "updated": "2017-03-03T04:56:00.849Z"}}, {"model": "iurd.schedule", "pk": 4, "fields": {"name": "7:00 pm", "description": "<p>&nbsp; &nbsp;</p>", "start": "07:00:00", "ends": "08:30:00", "created": "2017-03-03T04:56:38.633Z", "time_stamp": "2017-03-03T04:56:38.633Z", "updated": "2017-03-03T04:56:38.633Z"}}, {"model": "iurd.schedule", "pk": 5, "fields": {"name": "9:00 pm", "description": "<p>&nbsp; &nbsp; &nbsp;</p>", "start": "09:00:00", "ends": "10:30:00", "created": "2017-03-03T04:57:11.531Z", "time_stamp": "2017-03-03T04:57:11.531Z", "updated": "2017-03-03T04:57:11.531Z"}}, {"model": "iurd.schedule", "pk": 6, "fields": {"name": "9:30 am", "description": "<p>&nbsp; &nbsp;&nbsp;</p>", "start": "09:30:00", "ends": "11:30:00", "created": "2017-03-03T05:23:33.545Z", "time_stamp": "2017-03-03T05:23:33.545Z", "updated": "2017-03-03T05:23:33.545Z"}}, {"model": "iurd.schedule", "pk": 7, "fields": {"name": "5:30 pm", "description": "<p>&nbsp; &nbsp;</p>", "start": "05:30:00", "ends": "06:30:00", "created": "2017-03-03T05:24:00.870Z", "time_stamp": "2017-03-03T05:24:00.870Z", "updated": "2017-03-03T05:24:00.870Z"}}, {"model": "iurd.reunion", "pk": 1, "fields": {"name": "Progreso Econ\u00f3mico", "title": "Progreso Econ\u00f3mico", "description": "<p>Progreso Econ&oacute;mico es una conferencia dirigida a los trabajadores, que tiene lugar todos los lunes en todas las Universal.</p>\r\n\r\n<p>Miles de personas que no soportan m&aacute;s la situaci&oacute;n financiera en que se encuentran y desean un cambio total en sus vidas, es decir, una vida de calidad, se han desplazado a las reuniones del Progreso Econ&oacute;mico con el objetivo de aprender c&oacute;mo lograr este cambio.</p>\r\n\r\n<p>En esta reuni&oacute;n las personas que enfrentan problemas econ&oacute;micos, que tienen dificultades en saldar sus deudas, que viven con un salario miserable, que est&aacute;n desempleadas, o tienen casos judiciales, recibir&aacute;n orientaciones practicas para desarrollar el aprendizaje en relaci&oacute;n a la soluci&oacute;n de sus problemas, y tambi&eacute;n aprender&aacute;n c&oacute;mo alcanzar el &eacute;xito profesional en su negocio.</p>\r\n\r\n<p><strong>El Progreso Econ&oacute;mico se realiza todos los lunes a las 7 y 10 am, &nbsp;3 y 7 pm, y especialmente a las 9 pm en la Sede Nacional Panama.</strong></p>", "created": "2017-03-03T17:10:23.577Z", "time_stamp": "2017-03-03T04:57:44.277Z", "updated": "2017-03-03T17:10:23.577Z", "image": "Reunion/9/progreso3.jpg", "height_field": 417, "width_field": 745, "background_image": "Reunion/9/LUNES.jpg", "background_height_field": 300, "background_width_field": 930, "category": "0_MONDAY", "parentId": null, "schedule": [3, 1, 4, 5, 2]}}, {"model": "iurd.reunion", "pk": 2, "fields": {"name": "Liberaci\u00f3n y Sanaci\u00f3n", "title": "Liberaci\u00f3n y Sanaci\u00f3n", "description": "<p>&iquest;Usted sufre de enfermedades cronicas, cree que ha sido victima de alguna hechiceria, tiene dolores de cabezas constantes, los medicos no logran diagnosticar su enfermedad, siente que cada dia que pasa usted esta peor?</p>\r\n\r\n<p>Venga este Martes y Reciba la Sanidad de todas las enfermedades a traves de la Fe.</p>", "created": "2017-03-03T17:36:17.832Z", "time_stamp": "2017-03-03T05:05:57.801Z", "updated": "2017-03-03T17:36:17.832Z", "image": "Reunion/9/iurd_aImHFDV.jpg", "height_field": 192, "width_field": 256, "background_image": "Reunion/9/475559731-00.jpg", "background_height_field": 460, "background_width_field": 690, "category": "1_TUESDAY", "parentId": null, "schedule": [3, 1, 4, 2]}}, {"model": "iurd.reunion", "pk": 3, "fields": {"name": "Tratamiento Interior", "title": "Tratamiento Interior", "description": "<p><strong><em>&ldquo;Hab&iacute;a un hombre rico, que se vest&iacute;a de p&uacute;rpura y de lino fino y hac&iacute;a cada d&iacute;a banquete con esplendidez.&nbsp;Hab&iacute;a tambi&eacute;n un mendigo llamado L&aacute;zaro, que estaba echado a la puerta de aqu&eacute;l, lleno de llagas&hellip;&rdquo;</em></strong>&nbsp;(Lucas 16:19)</p>\r\n\r\n<p>El vers&iacute;culo b&iacute;blico citado arriba fue extra&iacute;do de la historia contada por el Se&ntilde;or Jes&uacute;s sobre un rico y un mendigo. En esta par&aacute;bola, hay dos elementos que se destacan f&aacute;cilmente: uno que se refiere a la vida terrenal y otro a la vida despu&eacute;s de la muerte.</p>\r\n\r\n<p>De un lado tenemos al hombre rico, que ten&iacute;a una excelente calidad de vida y salud, pero, al final de la historia, descubrimos que &eacute;l muri&oacute; y fue al infierno.</p>\r\n\r\n<p>Y del otro lado, tenemos al hombre pobre, conocido como L&aacute;zaro, que en vida sufr&iacute;a en la miseria sin tener qu&eacute; comer y lleno de llagas, de tal manera que los perros le lam&iacute;an las heridas. Sin embargo, al morir, fue al Cielo.</p>\r\n\r\n<p><strong>Una persona llena de s&iacute; misma</strong></p>\r\n\r\n<p>En la historia, el Se&ntilde;or Jes&uacute;s destaca que el hombre rico se vest&iacute;a&nbsp;<strong><em>&ldquo;de p&uacute;rpura y de lino fino&rdquo;</em></strong>, es decir, era una persona que le gustaba mostrarle a los dem&aacute;s el dinero que ten&iacute;a a trav&eacute;s de la ropa que utilizaba. Era alguien lleno de s&iacute; mismo, adem&aacute;s, no estaba interesado en los principios de Dios ni en la Salvaci&oacute;n espiritual.</p>\r\n\r\n<p>&nbsp;&ldquo;Su manera de vestir muestra que &eacute;l buscaba la gloria de los hombres. Viv&iacute;a para s&iacute; mismo, para su gloria, y no hay peor condici&oacute;n que esa.&rdquo;</p>\r\n\r\n<p>Lo que al rico le faltaba era el deseo de acercarse a Dios y a Sus mandamientos.</p>\r\n\r\n<p><strong>La miseria que viene por la falta de fe</strong></p>\r\n\r\n<p>Por otro lado, el hombre pobre, aunque fue salvo por el Se&ntilde;or Jes&uacute;s, vivi&oacute; en medio de la miseria aqu&iacute; en la Tierra. Probablemente &eacute;l no fue feliz por el sufrimiento que padeci&oacute; en su vida, y las enfermedades en su cuerpo, quiz&aacute;s, le molestaban.</p>\r\n\r\n<p>Es por esta raz&oacute;n que el ap&oacute;stol Pablo observa en el libro de Romanos 14:1-5, que, aun siendo personas salvas, est&aacute;n las que solo tienen fe para comer legumbres y las que tienen fe para comer de todo.</p>\r\n\r\n<p>&nbsp;&ldquo;&iquest;Por qu&eacute; raz&oacute;n L&aacute;zaro fue salvo, ya que cuando &eacute;l muri&oacute; vinieron los &aacute;ngeles para llevarlos a la presencia de Dios, y vivi&oacute; en la miseria? &iquest;Por qu&eacute; un salvo puede vivir enfermo? &iquest;Por qu&eacute; la vida de muchos salvos est&aacute; marcada por desilusiones y derrotas? Esto se debe a que esa persona no asume su condici&oacute;n de fe. Porque, cuando ella asume esa posici&oacute;n de fe y toma una posici&oacute;n sobre lo que est&aacute; prometido (en la Palabra de Dios) la transformaci&oacute;n ocurre en su vida.&rdquo;</p>\r\n\r\n<p>La Salvaci&oacute;n de una persona no determina si ella ser&aacute; rica o pobre en la vida, pero, despu&eacute;s de la muerte, ella estar&aacute; en los Cielos con el Se&ntilde;or. Por eso, tambi&eacute;n es importante que los salvos usen una la fe viva para tener lo mejor de esta Tierra, adem&aacute;s de la Salvaci&oacute;n Eterna.</p>\r\n\r\n<p><strong>&iquest;A d&oacute;nde ir&aacute; su alma?</strong></p>\r\n\r\n<p><strong>Venga y participe los dias Miercoles de esta reunion y busque el Encuetro con Dios.</strong></p>", "created": "2017-03-03T17:44:06.430Z", "time_stamp": "2017-03-03T05:09:37.110Z", "updated": "2017-03-03T17:44:06.431Z", "image": "Reunion/9/20170224.jpeg", "height_field": 432, "width_field": 706, "background_image": "Reunion/9/bautismo.jpg", "background_height_field": 419, "background_width_field": 745, "category": "2_WEDNESDAY", "parentId": null, "schedule": [3, 1, 4, 2]}}, {"model": "iurd.reunion", "pk": 4, "fields": {"name": "Terapia del amor y de la familia", "title": "Terapia del amor y de la familia", "description": "<p>Muchas son las personas que no logran lidiar con sus relaciones amorosas. Problemas de todo tipo como el orgullo, resentimiento, infidelidad, indiferencia, desprecio y falta de di&aacute;logo son solo algunos de los dramas que viven innumerables hombres y mujeres.<br />\r\n<br />\r\n&nbsp;Y es justamente por no saber lidiar emocionalmente con la situaci&oacute;n, que aparecen los casos de depresi&oacute;n, suicidio y se llegan a cometer cr&iacute;menes pasionales.&nbsp;<br />\r\n<br />\r\nFrente a esto, la Iglesia Universal cre&oacute; una reuni&oacute;n dedicada exclusivamente a la vida sentimental, que tiene como objetivo evitar situaciones fatales dentro de la familia como la destrucci&oacute;n del hogar causada por peleas y separaci&oacute;n.&nbsp;<br />\r\n<br />\r\nEl tratamiento sentimental realizado en la &ldquo;Terapia del Amor&rdquo; est&aacute; dirigido a toda persona que est&eacute; pasando por una situaci&oacute;n l&iacute;mite en este aspecto de su vida. Ya sea por haber terminado su matrimonio, relaci&oacute;n o&nbsp; noviazgo, haber sufrido una traici&oacute;n o ser rechazada por la persona amada. Tambi&eacute;n est&aacute; dedicada a quien desea buscar, en Dios, la orientaci&oacute;n para encontrar su compa&ntilde;ero/a para toda la vida.&nbsp;<br />\r\n<br />\r\nEn esta reuni&oacute;n las personas aprenden a lidiar con sus problemas de una forma inteligente, evitando que entren dudas en cuanto a la posibilidad de ser feliz en el amor. Este gran logro depender&aacute; de la determinaci&oacute;n de cada uno</p>", "created": "2017-03-03T19:27:25.726Z", "time_stamp": "2017-03-03T05:11:59.240Z", "updated": "2017-03-03T19:27:25.726Z", "image": "Reunion/4/2FZWZhR5_400x400.png", "height_field": 400, "width_field": 400, "background_image": "Reunion/4/maxresdefault_1.jpg", "background_height_field": 720, "background_width_field": 1280, "category": "3_THURSDAY", "parentId": null, "schedule": [3, 1, 4, 2]}}, {"model": "iurd.reunion", "pk": 5, "fields": {"name": "Liberaci\u00f3n espiritual", "title": "Liberaci\u00f3n espiritual", "description": "<p>Muchas veces notamos que en nuestra vida algo no anda bien, sim enbargo decidimos que es cuetion del azr o de la mala suerte. Por lo general detras de cada problema hay un espiritu maligno que quiere atormentar su vida, si usted siente que es victima de alguna brijeria, victima de vicios, tiene deseos de quitarse la vida, tiene algun vicio, siente dolores de cabezas constantes, sufre de insognio, nada le sale bien, no es feliz y quier una salida para sus problemas, venga y participe este Viernes de la reunion de liberacion, y sea libre por medio de la Fe.</p>", "created": "2017-03-03T19:31:03.395Z", "time_stamp": "2017-03-03T05:15:25.144Z", "updated": "2017-03-03T19:31:03.395Z", "image": "Reunion/9/viernesliberacion.jpg", "height_field": 419, "width_field": 745, "background_image": "Reunion/9/viernes__.png", "background_height_field": 430, "background_width_field": 1500, "category": "4_FRIDAY", "parentId": null, "schedule": [3, 1, 4, 2]}}, {"model": "iurd.reunion", "pk": 6, "fields": {"name": "Casos imposibles", "title": "Casos imposibles", "description": "<p><em><strong>&ldquo;&hellip;&nbsp;</strong>El principal de la sinagoga, enojado de que Jes&uacute;s hubiese sanado en el d&iacute;a de reposo,&nbsp;dijo a la gente: Seis d&iacute;as hay en que se debe trabajar; en &eacute;stos, pues, venid y sed sanados, y no en d&iacute;a de reposo. Entonces el Se&ntilde;or le respondi&oacute; y dijo: Hip&oacute;crita, cada uno de vosotros &iquest;no desata en el d&iacute;a de reposo&nbsp;su buey o su asno del pesebre y lo lleva a beber? Y, &iquest;no se le deb&iacute;a desatar de esta ligadura en el d&iacute;a de reposo?&hellip;&rdquo;</em>&nbsp;Lucas 13:14-17</p>\r\n\r\n<p>La Biblia Sagrada relata que el Se&ntilde;or Jes&uacute;s hizo grandes milagros el d&iacute;a s&aacute;bado. Por esta raz&oacute;n, todos los s&aacute;bados es realizada la reuni&oacute;n de Los Casos Imposibles&rdquo;, en la Iglesia Universal del Reino de Dios.</p>\r\n\r\n<p>Si usted tiene una causa sea financiera, sentimental, profesional, en la salud, familiar o en otras &aacute;reas de su vida que sea imposible de solucionar, participe de la reuni&oacute;n y pare de sufrir.</p>\r\n\r\n<p><em>&ldquo;</em><em>Entonces Jes&uacute;s, mir&aacute;ndolos, dijo: Para los hombres es imposible, mas para Dios, no; porque todas las cosas son posibles para Dios.&rdquo;</em><strong><em>&nbsp;</em></strong>Marcos 10:27</p>\r\n\r\n<p>&nbsp;</p>\r\n\r\n<p>Para Dios no hay nada imposible, venga y haga lo imposible acontecer en su vida.</p>", "created": "2017-03-03T19:33:12.843Z", "time_stamp": "2017-03-03T05:18:35.408Z", "updated": "2017-03-03T19:33:12.843Z", "image": "Reunion/6/queseriafacil.jpg", "height_field": 419, "width_field": 745, "background_image": "Reunion/6/poder.png", "background_height_field": 460, "background_width_field": 690, "category": "5_SATURDAY", "parentId": null, "schedule": [3, 1, 4, 2]}}, {"model": "iurd.reunion", "pk": 7, "fields": {"name": "Dia del encuentro con Dios", "title": "Dia del encuentro con Dios", "description": "<p><strong>El regalo m&aacute;s hermoso que Dios ha podido darnos es la vida. Es en ella que se aprecia la perfecta creaci&oacute;n del Alt&iacute;simo.</strong></p>\r\n\r\n<p>Una vida de felicidad en todo aspecto: familiar, sentimental, espiritual y econ&oacute;mica. Sin embargo, las situaciones que est&aacute; atravesando muestran todo lo contrario. La presencia del poder de Dios no est&aacute; reflej&aacute;ndose en su vida. Es tiempo de decir &ldquo;basta&rdquo; a esta situaci&oacute;n, usted tiene derecho de disfrutar de los sue&ntilde;os que tanto anhela.</p>\r\n\r\n<p>S&oacute;lo a trav&eacute;s de su fe en Dios puede alcanzar una vida de plenitud. Utilice la fe para conquistar cosas buenas, existen personas que creen que algo malo va pasar y sucede porque creen y la fe es creer. Sin embargo, no creen que puedan tener un matrimonio bendecido para siempre, una vida econ&oacute;mica estable. El secreto es creer pero ah&iacute; va la pregunta: &iquest;en d&oacute;nde est&aacute; depositada su fe?</p>\r\n\r\n<p>Recuerde, nuestra fe es ilimitada y tiene poder, solo depende de usted, saber qu&eacute; tipo de uso le est&aacute; dando.</p>\r\n\r\n<p>Solo Dios sabe lo que tanto necesita, &Eacute;l conoce toda su trayectoria de vida, pero si usted ignora la voz de Dios nada bueno acontecer&aacute;.</p>\r\n\r\n<p>Por esa raz&oacute;n cientos de personas acuden&nbsp;a la Concentraci&oacute;n de Fe y Milagros en busca de la totalidad de vida que solo la fe en Dios se puede lograr, usted esta invitado a dejar que el Poder de Dios invada su vida.</p>", "created": "2017-03-03T19:39:12.882Z", "time_stamp": "2017-03-03T05:24:07.113Z", "updated": "2017-03-03T19:39:12.882Z", "image": "Reunion/9/20170227.jpg", "height_field": 432, "width_field": 706, "background_image": "Reunion/9/16836034_766117870224024_1941541871838940239_o.jpg", "background_height_field": 453, "background_width_field": 1008, "category": "6_SUNDAY", "parentId": null, "schedule": [7, 1, 6]}}, {"model": "iurd.reunion", "pk": 8, "fields": {"name": "Cura de los Vicios", "title": "Cura de los Vicios", "description": "<p>Esta reunion &nbsp;ha sido creado para ayudar a aquellas personas que est&aacute;n sufriendo con cualquier tipo de vicio.</p>\r\n\r\n<p>Recuerde que un vicio es todo aquello que causa adiccion en su vida, si usted o algun familair estan pasando por una situacion similar a esta, venga y participe de esta reunion, todos los domingos a las 3 pm.</p>\r\n\r\n<p>&iexcl;Aqu&iacute; ver&aacute; que el Vicio Si tiene Cura!</p>", "created": "2017-03-03T19:38:10.574Z", "time_stamp": "2017-03-03T05:26:31.495Z", "updated": "2017-03-03T19:38:10.574Z", "image": "Reunion/8/descarga_1.jpg", "height_field": 180, "width_field": 280, "background_image": "Reunion/8/descarga_2.jpg", "background_height_field": 120, "background_width_field": 420, "category": "6_SUNDAY", "parentId": null, "schedule": [3]}}, {"model": "iurd.subscriber", "pk": 2, "fields": {"name": "Iglesia la Oracion Fuerte al Espiritu Santo", "email": "contacto@dev2tech.xyz", "description": "test", "created": "2017-03-01T17:53:40.238Z", "time_stamp": "2017-03-01T17:53:40.182Z", "updated": "2017-03-01T17:53:40.238Z"}}, {"model": "iurd.subscriber", "pk": 3, "fields": {"name": "Alessandra ", "email": "Alessandraoliveiravinicius@gmail.com", "description": "Teste saber q correo llega est\u00e1 mensaje \ud83e\udd14 Por favor me avisa cuando llegar est\u00e1 mensaje \ud83e\udd14", "created": "2017-03-08T23:37:13.516Z", "time_stamp": "2017-03-08T23:37:13.361Z", "updated": "2017-03-08T23:37:13.516Z"}}]
